ano,terra,anomalia_terra,anomalia_terra_oceano,incerteza,media_movel_10a
1753,8.388083333333332,-0.2698722222222223,,3.176,
1754,8.469333333333335,-0.1886222222222198,,3.4942500000000005,
1755,8.355583333333334,-0.30237222222222115,,3.850333333333333,
1756,8.849583333333333,0.19162777777777862,,3.2623333333333338,
1757,9.022,0.3640444444444455,,4.026000000000001,
1758,6.7435833333333335,-1.9143722222222213,,3.362916666666667,-0.4202138888888878
1759,7.985083333333333,-0.6728722222222219,,3.6789166666666664,-0.5093472222222212
1760,7.185166666666667,-1.4727888888888874,,3.0889166666666665,-0.5162472222222214
1761,8.772499999999999,0.11454444444444434,,3.144833333333333,-0.5266138888888882
1762,8.606500000000002,-0.05145555555555248,,3.5242500000000003,-0.5710055555555548
1763,7.496749999999999,-1.161205555555556,,3.151583333333333,-0.6510555555555547
1764,8.400333333333332,-0.2576222222222224,,2.77525,-0.6472805555555547
1765,8.251916666666666,-0.4060388888888884,,2.4277500000000005,-0.6763305555555547
1766,8.405666666666667,-0.2522888888888879,,2.8358333333333334,-0.6256555555555547
1767,8.2215,-0.43645555555555404,,2.962666666666667,-0.7175888888888878
1768,6.781333333333333,-1.8766222222222213,,2.266,-0.7588888888888881
1769,7.694583333333334,-0.9633722222222207,,2.410083333333333,-0.6864138888888879
1770,7.691916666666667,-0.966038888888888,,2.780666666666667,-0.6492305555555545
1771,7.8531666666666675,-0.8047888888888872,,2.604583333333333,-0.5561138888888878
1772,8.1935,-0.4644555555555545,,2.463833333333333,-0.5662805555555545
1773,8.2215,-0.43645555555555404,,2.36075,-0.5628055555555546
1774,8.772166666666665,0.1142111111111106,,3.4151666666666665,-0.38671388888888797
1775,9.183083333333334,0.5251277777777794,,2.320583333333333,-0.25784722222222134
1776,8.304,-0.35395555555555447,,2.864166666666667,-0.08374722222222131
1777,8.25625,-0.4017055555555551,,2.442833333333333,-0.05880555555555489
1778,8.54225,-0.1157055555555555,,2.8725,-0.08803055555555508
1779,8.98325,0.3252944444444452,,2.5058333333333334,-0.14209722222222182
1780,9.432916666666667,0.7749611111111125,,2.5848333333333335,-0.23311388888888826
1781,8.102583333333332,-0.555372222222223,,2.5038333333333336,-0.4151222222222217
1782,7.901249999999998,-0.7567055555555564,,2.5505833333333334,-0.41970555555555517
1783,7.680833333333333,-0.9771222222222216,,2.4944166666666665,-0.4421472222222218
1784,7.862000000000001,-0.7959555555555538,,2.2556666666666665,-0.4516555555555549
1785,7.3629999999999995,-1.2949555555555552,,2.2395,-0.5165638888888883
1786,8.258166666666666,-0.39978888888888875,,2.5254166666666666,-0.6616222222222217
1787,8.031833333333333,-0.6261222222222216,,2.3617500000000002,-0.6484555555555549
1788,8.447166666666668,-0.21078888888888692,,2.5578333333333334,-0.6296805555555547
1789,8.334166666666667,-0.32378888888888824,,1.8686666666666667,-0.5748472222222214
1790,7.982333333333333,-0.6756222222222217,,1.7716666666666667,-0.5084472222222214
1791,8.23425,-0.42370555555555534,,1.7837500000000002,-0.409713888888888
1792,8.089,-0.5689555555555543,,1.7004166666666667,-0.4084305555555547
1793,8.229166666666666,-0.42878888888888866,,2.2744166666666663,-0.3605555555555545
1794,8.526000000000002,-0.13195555555555316,,1.9789999999999999,-0.3382472222222212
1795,8.350333333333333,-0.30762222222222135,,2.0433333333333334,-0.321088888888888
1796,8.270999999999999,-0.3869555555555557,,1.9206666666666667,-0.2708972222222211
1797,8.510583333333335,-0.14737222222222002,,2.045666666666667,-0.2353555555555543
1798,8.670250000000001,0.012294444444446384,,1.9033333333333335,-0.1864388888888877
1799,8.505749999999999,-0.1522055555555557,,1.7384166666666667,-0.1590555555555543
1800,8.484250000000001,-0.17370555555555356,,1.7186666666666668,-0.12717222222222108
1801,8.589666666666668,-0.06828888888888685,,1.5816666666666668,-0.10593055555555449
1802,8.578166666666666,-0.07978888888888847,,1.8490000000000002,-0.08962222222222102
1803,8.503,-0.15495555555555462,,1.6331666666666667,-0.112538888888888
1804,8.844833333333334,0.18687777777777903,,1.8418333333333337,-0.2168805555555548
1805,8.56275,-0.09520555555555532,,1.6889166666666666,-0.35981388888888804
1806,8.434083333333334,-0.22387222222222114,,1.5700833333333335,-0.5159722222222214
1807,8.281416666666665,-0.37653888888888964,,1.59225,-0.6889888888888882
1808,7.626833333333333,-1.0311222222222218,,1.996833333333333,-0.8421805555555547
1809,7.076416666666667,-1.581538888888888,,2.1354166666666665,-0.9184888888888878
1810,6.922666666666667,-1.7352888888888875,,2.3109999999999995,-1.0437972222222212
1811,6.859500000000001,-1.7984555555555541,,2.0957500000000002,-1.1761388888888877
1812,7.046250000000001,-1.6117055555555542,,2.135583333333333,-1.3257972222222212
1813,7.7399166666666686,-0.9180388888888862,,1.7088333333333334,-1.4563722222222208
1814,7.59175,-1.0662055555555545,,2.1685000000000003,-1.4361638888888877
1815,7.239333333333334,-1.4186222222222211,,1.9665,-1.4068888888888873
1816,6.9375,-1.7204555555555547,,2.1929166666666666,-1.3375305555555541
1817,6.975666666666668,-1.6822888888888867,,1.7083333333333333,-1.214472222222221
1818,7.828916666666667,-0.8290388888888875,,1.8290833333333334,-1.1002638888888878
1819,7.3691666666666675,-1.2887888888888872,,1.5819166666666666,-1.102388888888888
1820,7.616249999999998,-1.0417055555555566,,1.6187500000000004,-1.0068472222222213
1821,8.090083333333332,-0.5678722222222223,,1.3758333333333332,-0.8918472222222216
1822,8.188333333333334,-0.4696222222222204,,1.37525,-0.7499388888888879
1823,7.718666666666665,-0.93928888888889,,1.3622500000000002,-0.5666305555555547
1824,8.547166666666667,-0.11078888888888727,,1.4478333333333335,-0.5329888888888881
1825,8.389333333333333,-0.26862222222222165,,1.5078333333333331,-0.47572222222222155
1826,8.356583333333335,-0.30137222222221993,,1.5595833333333333,-0.38567222222222136
1827,8.80875,0.15079444444444512,,1.4435833333333334,-0.4307638888888879
1828,8.165333333333335,-0.4926222222222201,,1.6484166666666666,-0.5045805555555546
1829,7.941833333333332,-0.7161222222222223,,1.31975,-0.47514722222222094
1830,8.51675,-0.1412055555555547,,1.4314166666666666,-0.5151888888888876
1831,7.639166666666667,-1.0187888888888876,,1.5315,-0.6148722222222209
1832,7.450166666666667,-1.2077888888888877,,1.5404166666666665,-0.6809472222222211
1833,8.013000000000002,-0.6449555555555531,,1.2335,-0.8242555555555544
1834,8.14675,-0.5112055555555539,,1.1522499999999998,-0.8892972222222213
1835,7.392499999999999,-1.2654555555555556,,1.2753333333333334,-0.9202555555555548
1836,7.695833333333333,-0.9621222222222219,,1.1694166666666665,-0.9923055555555547
1837,7.3756666666666675,-1.2822888888888873,,1.2909166666666667,-0.9874055555555546
1838,7.514916666666665,-1.1430388888888894,,1.1623333333333334,-0.9301472222222212
1839,7.632249999999999,-1.0257055555555556,,1.1794166666666668,-0.9140805555555549
1840,7.796250000000001,-0.8617055555555542,,0.9911666666666665,-0.9641222222222214
1841,7.688166666666667,-0.9697888888888881,,0.952,-0.9182555555555545
1842,8.02275,-0.6352055555555545,,0.8975,-0.8325638888888879
1843,8.173666666666668,-0.4842888888888872,,0.7498333333333332,-0.7615305555555547
1844,7.646333333333334,-1.011622222222221,,0.926,-0.7150722222222211
1845,7.851166666666668,-0.806788888888887,,0.8815,-0.6798555555555543
1846,8.55275,-0.10520555555555511,,1.05175,-0.6694138888888878
1847,8.086,-0.5719555555555544,,0.9006666666666666,-0.6203722222222212
1848,7.979500000000001,-0.678455555555554,,0.8713333333333333,-0.6126305555555546
1849,7.984416666666667,-0.6735388888888876,,0.9135833333333334,-0.625813888888888
1850,7.900666666666666,-0.7572888888888887,-0.43238055555555377,0.8764166666666666,-0.5693972222222214
1851,8.178583333333332,-0.47937222222222253,-0.3077138888888893,0.8819166666666667,-0.5434388888888885
1852,8.100166666666667,-0.5577888888888882,-0.2930472222222189,0.91825,-0.5991222222222218
1853,8.041833333333333,-0.6161222222222218,-0.3443805555555528,0.835,-0.631905555555555
1854,8.2105,-0.44745555555555505,-0.30854722222222364,0.8256666666666667,-0.619830555555555
1855,8.110749999999998,-0.547205555555557,-0.27846388888888995,0.8871666666666668,-0.5930722222222217
1856,7.995916666666666,-0.6620388888888886,-0.4202138888888882,0.7607499999999999,-0.587055555555555
1857,7.758166666666668,-0.899788888888887,-0.541297222222223,0.7510833333333333,-0.6202638888888881
1858,8.10025,-0.5577055555555539,-0.4180472222222207,0.69975,-0.6744222222222213
1859,8.252,-0.40595555555555407,-0.3696305555555526,0.6746666666666666,-0.6674222222222213
1860,7.960833333333333,-0.6971222222222213,-0.4166305555555567,0.626,-0.6901138888888878
1861,7.846500000000002,-0.8114555555555532,-0.4988805555555551,0.6534166666666668,-0.6834055555555542
1862,7.558583333333334,-1.0993722222222209,-0.5594638888888888,0.6889166666666666,-0.6537805555555543
1863,8.111833333333333,-0.5461222222222215,-0.363797222222221,0.7479999999999999,-0.5859638888888876
1864,7.983583333333335,-0.6743722222222202,-0.40304722222222367,0.6764166666666668,-0.571197222222221
1865,8.177833333333334,-0.4801222222222208,-0.3028805555555536,0.6621666666666667,-0.5531888888888878
1866,8.292166666666665,-0.36578888888888983,-0.24254722222221936,0.6060000000000002,-0.5291388888888879
1867,8.436333333333334,-0.22162222222222105,-0.2408805555555542,0.6348333333333332,-0.5022805555555548
1868,8.247916666666667,-0.41003888888888795,-0.20263055555555454,0.5463333333333333,-0.438755555555555
1869,8.432083333333333,-0.2258722222222218,-0.23404722222222318,0.5956666666666667,-0.414830555555555
1870,8.201333333333332,-0.45662222222222226,-0.29521388888888644,0.5501666666666666,-0.3698388888888884
1871,8.115083333333333,-0.542872222222222,-0.29363055555555206,0.57025,-0.4016638888888884
1872,8.193833333333332,-0.46412222222222255,-0.2802138888888859,0.5890833333333335,-0.4228722222222216
1873,8.351083333333333,-0.3068722222222213,-0.25029722222222084,0.5505,-0.4125472222222217
1874,8.4335,-0.2244555555555543,-0.3425472222222208,0.5179166666666667,-0.3543638888888883
1875,7.859583333333334,-0.7983722222222207,-0.37763055555555525,0.4515,-0.38098888888888827
1876,8.080083333333333,-0.5778722222222221,-0.390130555555551,0.43349999999999994,-0.38924722222222163
1877,8.539583333333333,-0.11837222222222188,-0.016880555555552235,0.4559166666666666,-0.37366388888888824
1878,8.82975,0.17179444444444592,0.057869444444444085,0.42491666666666666,-0.3801555555555548
1879,8.165833333333333,-0.49212222222222124,-0.2351305555555534,0.46341666666666675,-0.41757222222222146
1880,8.118749999999999,-0.5392055555555562,-0.2908805555555567,0.41491666666666677,-0.4835555555555547
1881,8.270916666666666,-0.38703888888888827,-0.21238055555555313,0.4193333333333334,-0.4775472222222213
1882,8.128916666666667,-0.5290388888888877,-0.24296388888889098,0.3799166666666666,-0.4901055555555547
1883,7.976916666666667,-0.6810388888888879,-0.33629722222222114,0.3706666666666667,-0.5525722222222214
1884,7.773666666666668,-0.8842888888888867,-0.46629722222222014,0.39625,-0.6264972222222214
1885,7.919666666666668,-0.7382888888888868,-0.44513055555555425,0.425,-0.6111805555555547
1886,7.954499999999999,-0.7034555555555562,-0.46429722222222125,0.38599999999999995,-0.6258888888888879
1887,7.914916666666667,-0.7430388888888881,-0.4835472222222208,0.39208333333333334,-0.6510472222222212
1888,8.0905,-0.5674555555555543,-0.30546388888888565,0.3824166666666666,-0.6573555555555547
1889,8.318999999999999,-0.3389555555555557,-0.1861305555555539,0.3698333333333334,-0.6493722222222215
1890,7.971666666666667,-0.6862888888888881,-0.45879722222222163,0.34299999999999997,-0.6106388888888883
1891,8.019333333333334,-0.6386222222222209,-0.35571388888888933,0.3353333333333334,-0.5879055555555551
1892,8.065833333333332,-0.5921222222222227,-0.41704722222222124,0.33883333333333326,-0.5618638888888884
1893,8.05675,-0.6012055555555555,-0.3872972222222213,0.34525000000000006,-0.5240222222222216
1894,8.161,-0.49695555555555515,-0.3847972222222218,0.31725,-0.5152722222222217
1895,8.147,-0.5109555555555545,-0.3305472222222203,0.29924999999999996,-0.5075388888888883
1896,8.214916666666666,-0.4430388888888892,-0.20896388888888673,0.30883333333333335,-0.45454722222222177
1897,8.293333333333335,-0.36462222222221996,-0.22421388888888671,0.31383333333333335,-0.4022888888888886
1898,8.177999999999999,-0.4799555555555557,-0.4126305555555554,0.3256666666666667,-0.37843055555555516
1899,8.396333333333333,-0.261622222222222,-0.25121388888888774,0.32475000000000004,-0.36208888888888835
1900,8.501583333333333,-0.15637222222222213,-0.1556305555555575,0.31475000000000003,-0.36909722222222163
1901,8.541916666666665,-0.11603888888888925,-0.22621388888888916,0.30624999999999997,-0.36128055555555516
1902,8.304416666666667,-0.3535388888888882,-0.3412138888888876,0.29275,-0.3448638888888885
1903,8.220166666666668,-0.43778888888888723,-0.4629638888888863,0.29,-0.37948055555555527
1904,8.090916666666667,-0.567038888888888,-0.48913055555555474,0.2864166666666667,-0.37867222222222174
1905,8.225166666666665,-0.43278888888889,-0.3448805555555552,0.27875,-0.400480555555555
1906,8.379083333333332,-0.27887222222222263,-0.26763055555555404,0.27491666666666664,-0.4283388888888882
1907,7.947166666666667,-0.7107888888888878,-0.42471388888889194,0.2571666666666666,-0.46483055555555464
1908,8.186083333333334,-0.47187222222222047,-0.46138055555555013,0.27475,-0.47873055555555455
1909,8.17825,-0.4797055555555545,-0.5092138888888869,0.26275,-0.4709722222222214
1910,8.223,-0.434955555555554,-0.48046388888888814,0.26008333333333333,-0.421013888888888
1911,8.177000000000001,-0.48095555555555336,-0.5235472222222199,0.24783333333333338,-0.384213888888888
1912,8.165416666666667,-0.4925388888888875,-0.42238055555555576,0.2584166666666667,-0.39959722222222116
1913,8.297749999999999,-0.3602055555555559,-0.3907972222222238,0.26225000000000004,-0.39198055555555467
1914,8.5905,-0.06745555555555427,-0.22329722222221982,0.2519166666666666,-0.39750555555555495
1915,8.593166666666665,-0.06478888888888967,-0.1557972222222226,0.24616666666666667,-0.37710555555555486
1916,8.22525,-0.4327055555555539,-0.398213888888888,0.26041666666666663,-0.3635305555555549
1917,8.023333333333332,-0.6346222222222231,-0.48979722222221866,0.26066666666666666,-0.32413055555555503
1918,8.130833333333332,-0.5271222222222232,-0.33971388888888576,0.26825000000000004,-0.2998722222222218
1919,8.38225,-0.27570555555555387,-0.29279722222222304,0.26675,-0.28743055555555513
1920,8.35875,-0.29920555555555417,-0.2732972222222241,0.2626666666666667,-0.2957972222222217
1921,8.571,-0.08695555555555501,-0.19746388888888866,0.2568333333333334,-0.30167222222222156
1922,8.408,-0.24995555555555526,-0.28721388888888555,0.25858333333333333,-0.2513138888888884
1923,8.422166666666666,-0.23578888888888905,-0.2717138888888897,0.2530833333333334,-0.20143888888888828
1924,8.506833333333335,-0.15112222222222016,-0.2602138888888881,0.25683333333333336,-0.1513055555555546
1925,8.534416666666667,-0.12353888888888775,-0.20921388888888792,0.24075,-0.16528888888888815
1926,8.728833333333332,0.0708777777777776,-0.05846388888888576,0.2426666666666667,-0.137805555555555
1927,8.522083333333333,-0.13587222222222195,-0.17729722222222044,0.2489166666666667,-0.1229805555555549
1928,8.632166666666668,-0.02578888888888642,-0.16729722222222065,0.2485833333333333,-0.09325555555555472
1929,8.242416666666665,-0.41553888888888935,-0.3321305555555565,0.25175,-0.10164722222222125
1930,8.633583333333332,-0.02437222222222246,-0.12704722222222387,0.23966666666666667,-0.08949722222222149
1931,8.71925,0.06129444444444587,-0.07129722222221879,0.23775,-0.09136388888888813
1932,8.705250000000001,0.047294444444446526,-0.11154722222221913,0.2489166666666667,-0.10884722222222135
1933,8.33825,-0.31970555555555435,-0.28663055555555417,0.2426666666666667,-0.09122222222222139
1934,8.628333333333332,-0.02962222222222266,-0.15504722222222078,0.24008333333333334,-0.0680722222222215
1935,8.51575,-0.14220555555555414,-0.18071388888888684,0.23591666666666666,-0.016280555555554698
1936,8.554,-0.10395555555555447,-0.13338055555555428,0.2430833333333334,-0.0031722222222214215
1937,8.698333333333332,0.040377777777777624,0.0009527777777780244,0.24008333333333332,0.0017694444444453338
1938,8.863666666666667,0.2057111111111123,-0.0064638888888879364,0.24050000000000002,0.004086111111111812
1939,8.760333333333334,0.10237777777777879,0.0027861111111100456,0.2373333333333333,0.045769444444445105
1940,8.764666666666665,0.10671111111111031,0.07253611111111269,0.23108333333333334,0.06743611111111196
1941,8.768666666666668,0.11071111111111342,0.08511944444444453,0.22783333333333336,0.07434444444444513
1942,8.728416666666666,0.07046111111111131,0.02578611111111684,0.2295,0.08663611111111162
1943,8.755083333333333,0.09712777777777859,0.04545277777777912,0.22658333333333336,0.0965111111111117
1944,8.845,0.1870444444444459,0.14953611111111265,0.22516666666666665,0.08481944444444504
1945,8.584833333333332,-0.07312222222222253,0.03120277777777858,0.2203333333333333,0.06746111111111172
1946,8.676916666666665,0.01896111111111054,-0.03679722222221926,0.22241666666666662,0.027519444444445363
1947,8.797083333333333,0.1391277777777784,0.010619444444447623,0.21708333333333332,0.013219444444445116
1948,8.74675,0.08879444444444573,-0.03838055555555364,0.20958333333333332,0.0042027777777786214
1949,8.58675,-0.07120555555555441,-0.07679722222222196,0.20825000000000002,0.01606944444444558
1950,8.365250000000001,-0.29270555555555333,-0.16004722222222334,0.18633333333333335,-0.012363888888887864
1951,8.625666666666666,-0.032288888888889034,0.011619444444443516,0.18416666666666667,-0.00822222222222102
1952,8.638250000000001,-0.019705555555553644,0.06353611111111235,0.20875000000000002,-0.04795555555555424
1953,8.873750000000003,0.21579444444444817,0.12153611111111218,0.21208333333333332,-0.05441388888888756
1954,8.560666666666666,-0.09728888888888854,-0.06896388888888616,0.18716666666666668,-0.05171388888888746
1955,8.62625,-0.0317055555555541,-0.12521388888889007,0.15358333333333332,-0.03712222222222099
1956,8.279583333333333,-0.37837222222222167,-0.19354722222222165,0.1208333333333333,-0.01527222222222111
1957,8.7325,0.07454444444444519,0.0745361111111098,0.158,0.0019277777777789496
1958,8.773750000000001,0.11579444444444675,0.08253611111111248,0.10433333333333333,0.012694444444445452
1959,8.732666666666665,0.07471111111111028,0.04095277777777717,0.10716666666666665,0.010919444444445148
1960,8.58375,-0.07420555555555453,-0.007630555555556029,0.09349999999999999,-0.004180555555554832
1961,8.797666666666666,0.13971111111111156,0.08036944444444671,0.09699999999999999,-0.014063888888888165
1962,8.745916666666666,0.08796111111111138,0.026036111111112703,0.13291666666666666,0.017911111111111745
1963,8.856,0.19804444444444513,0.0771194444444454,0.09233333333333334,0.014669444444445113
1964,8.409666666666666,-0.24828888888888834,-0.18246388888888987,0.09250000000000001,-0.01107222222222166
1965,8.527416666666667,-0.13053888888888743,-0.10379722222221943,0.10883333333333334,-0.024830555555554846
1966,8.599333333333332,-0.058622222222222575,-0.03488055555555647,0.09225,-0.013113888888888248
1967,8.700083333333334,0.042127777777778874,-0.005380555555554167,0.08366666666666667,-0.03295555555555492
1968,8.516333333333334,-0.14162222222222098,-0.0356305555555565,0.11166666666666668,-0.057588888888888155
1969,8.595083333333333,-0.06287222222222155,0.0909527777777761,0.08516666666666667,-0.04836388888888834
1970,8.700916666666666,0.04296111111111145,0.03311944444444492,0.07558333333333332,-0.042580555555555046
1971,8.59925,-0.05870555555555512,-0.09954722222222046,0.09791666666666667,-0.020838888888888362
1972,8.499583333333334,-0.15837222222222103,-0.0066305555555530304,0.09533333333333334,-0.046047222222221684
1973,8.948249999999998,0.2902944444444433,0.1052027777777802,0.10074999999999999,-0.031030555555555138
1974,8.4675,-0.19045555555555538,-0.13146388888888794,0.1045,-0.013388888888888673
1975,8.744833333333334,0.08687777777777939,-0.060880555555554494,0.09708333333333334,0.0004444444444445139
1976,8.347249999999999,-0.3107055555555558,-0.16846388888888697,0.10058333333333336,0.028386111111111133
1977,8.850249999999999,0.19229444444444432,0.10870277777777915,0.08466666666666665,0.08504444444444452
1978,8.692749999999998,0.034794444444443684,0.0013694444444443121,0.10383333333333335,0.09900277777777777
1979,8.733416666666665,0.07546111111111031,0.11461944444444505,0.08641666666666666,0.1069944444444447
1980,8.980333333333332,0.32237777777777765,0.1922861111111107,0.10666666666666667,0.12942777777777828
1981,9.165833333333333,0.5078777777777788,0.21661944444444714,0.08725000000000001,0.1207444444444448
1982,8.639166666666666,-0.018788888888888522,0.04236944444444646,0.08266666666666665,0.16937777777777807
1983,9.028166666666667,0.3702111111111126,0.22070277777777747,0.09399999999999999,0.18379444444444495
1984,8.691833333333335,0.03387777777778034,0.04461944444444477,0.10258333333333336,0.23467777777777848
1985,8.658,4.444444444473561e-05,0.041119444444447595,0.09324999999999999,0.2535361111111122
1986,8.833583333333332,0.17562777777777683,0.0844527777777806,0.085,0.27891944444444566
1987,8.994416666666668,0.3364611111111131,0.22495277777778178,0.08516666666666667,0.28027777777777896
1988,9.201583333333334,0.5436277777777789,0.25620277777778,0.08008333333333334,0.3000194444444455
1989,8.922000000000002,0.26404444444444763,0.14203611111111236,0.08800000000000001,0.28386111111111206
1990,9.234166666666667,0.5762111111111121,0.32978611111111356,0.08633333333333333,0.3185527777777784
1991,9.179416666666667,0.5214611111111118,0.29845277777777746,0.06208333333333335,0.38746111111111164
1992,8.836583333333332,0.17862777777777694,0.1534527777777761,0.08333333333333333,0.4079944444444452
1993,8.866583333333333,0.20862777777777808,0.16686944444444585,0.08133333333333333,0.42881111111111175
1994,9.038749999999999,0.38079444444444377,0.23545277777777684,0.07091666666666667,0.460919444444445
1995,9.347083333333332,0.6891277777777773,0.3382861111111115,0.07641666666666666,0.497227777777778
1996,9.038916666666667,0.3809611111111124,0.2251194444444451,0.08474999999999999,0.4939277777777781
1997,9.202583333333333,0.5446277777777784,0.414286111111112,0.08858333333333335,0.5174444444444448
1998,9.522666666666666,0.8647111111111112,0.5264527777777808,0.07391666666666667,0.5908277777777784
1999,9.285083333333333,0.627127777777778,0.30078611111111186,0.07925,0.6567277777777786
2000,9.201166666666667,0.5432111111111126,0.3111194444444454,0.0835,0.6853111111111121
2001,9.414583333333335,0.7566277777777799,0.4679527777777768,0.08741666666666664,0.7206944444444454
2002,9.570416666666667,0.9124611111111118,0.529619444444446,0.07241666666666667,0.7700527777777786
2003,9.525583333333335,0.8676277777777806,0.5270361111111157,0.09066666666666666,0.8230111111111119
2004,9.324583333333333,0.6666277777777783,0.45770277777777935,0.08341666666666665,0.8139194444444454
2005,9.700916666666666,1.0429611111111114,0.5797027777777775,0.07516666666666667,0.8359361111111123
2006,9.532499999999999,0.8745444444444441,0.5139527777777779,0.08999999999999998,0.8861277777777788
2007,9.732166666666666,1.0742111111111114,0.5277861111111122,0.08949999999999998,0.8962694444444453
2008,9.431750000000001,0.7737944444444462,0.42170277777778153,0.07891666666666665,0.8899611111111121
2009,9.505250000000002,0.8472944444444472,0.5276194444444435,0.08591666666666666,0.8980527777777786
2010,9.703083333333332,1.0451277777777772,0.5959527777777769,0.08341666666666668,0.9226611111111118
2011,9.516,0.8580444444444453,0.4699527777777792,0.08199999999999999,0.935669444444445
2012,9.507333333333333,0.8493777777777787,0.5027861111111154,0.08341666666666665,
2013,9.6065,0.9485444444444457,0.5548694444444457,0.09766666666666667,
2014,9.570666666666666,0.9127111111111113,0.6134527777777752,0.09016666666666666,
2015,9.830999999999998,1.173044444444443,0.7590361111111132,0.09216666666666666,
