decada,anomalia_terra_C,anomalia_terra_oceano_C,incerteza_media_C
1750,-0.3989198412698403,,3.550107142857143
1760,-0.6763305555555547,,2.858716666666667
1770,-0.25784722222222134,,2.6630916666666664
1780,-0.5165638888888883,,2.39425
1790,-0.321088888888888,,1.9160666666666668
1800,-0.35981388888888804,,1.7607833333333331
1810,-1.4068888888888875,,1.9698416666666667
1820,-0.47572222222222155,,1.4659083333333331
1830,-0.9202555555555547,,1.2966499999999999
1840,-0.6798555555555543,,0.9135333333333333
1850,-0.5930722222222217,-0.37137222222222127,0.8110666666666667
1860,-0.5531888888888878,-0.346480555555555,0.6437749999999999
1870,-0.38098888888888827,-0.24238055555555338,0.5007166666666667
1880,-0.6111805555555547,-0.3433388888888878,0.3936416666666667
1890,-0.5075388888888883,-0.3431222222222212,0.32520000000000004
1900,-0.400480555555555,-0.36829722222222133,0.28385000000000005
1910,-0.37710555555555486,-0.37168055555555457,0.25827500000000003
1920,-0.16528888888888815,-0.22343055555555474,0.2520666666666667
1930,-0.016280555555554698,-0.10683888888888778,0.2406
1940,0.06746111111111172,0.026827777777779716,0.22178333333333336
1950,-0.03712222222222099,-0.015305555555555373,0.16224166666666667
1960,-0.024830555555554846,-0.009530555555555154,0.09898333333333334
1970,0.0004444444444445139,-0.010397222222220925,0.09466666666666666
1980,0.2535361111111122,0.1465361111111129,0.09046666666666667
1990,0.497227777777778,0.29889444444444513,0.07869166666666667
2000,0.8359361111111123,0.48641944444444557,0.08369166666666666
2010,0.9644750000000002,0.5826750000000009,0.08813888888888888
