ano,cidades_com_dado,paises_com_dado
1743,704,40
1744,704,40
1745,704,40
1750,675,41
1751,675,41
1752,690,40
1753,749,43
1754,749,43
1755,750,43
1756,750,43
1757,750,43
1758,776,44
1759,776,44
1760,776,44
1761,747,44
1762,747,44
1763,749,44
1764,748,44
1765,748,44
1766,748,44
1767,751,44
1768,785,45
1769,785,45
1770,777,45
1771,777,45
1772,751,44
1773,777,45
1774,771,44
1775,798,45
1776,800,45
1777,800,45
1778,781,44
1779,806,45
1780,745,47
1781,837,47
1782,834,47
1783,827,47
1784,794,44
1785,824,47
1786,824,47
1787,809,48
1788,841,51
1789,841,51
1790,813,48
1791,858,56
1792,863,56
1793,819,49
1794,825,49
1795,827,49
1796,1246,56
1797,1244,56
1798,1241,56
1799,1246,56
1800,1238,55
1801,1241,56
1802,1241,56
1803,1250,60
1804,1250,60
1805,1239,56
1806,1231,55
1807,1239,56
1808,883,57
1809,883,57
1810,880,57
1811,892,57
1812,917,58
1813,1334,66
1814,1332,65
1815,1330,64
1816,1438,67
1817,1453,67
1818,1454,68
1819,1496,70
1820,1689,71
1821,1689,71
1822,1652,69
1823,1674,72
1824,1622,78
1825,1864,88
1826,1667,82
1827,1674,83
1828,1682,82
1829,1728,83
1830,1607,75
1831,1620,75
1832,1862,80
1833,1963,78
1834,1972,81
1835,2082,83
1836,2074,83
1837,2105,85
1838,2075,85
1839,2215,92
1840,2423,94
1841,2659,97
1842,2505,97
1843,2525,98
1844,2365,94
1845,2529,99
1846,2486,98
1847,2517,98
1848,2487,97
1849,2617,113
1850,2894,131
1851,3025,122
1852,2979,107
1853,3021,111
1854,3041,115
1855,3104,118
1856,3285,139
1857,3188,145
1858,3047,145
1859,3115,152
1860,3037,146
1861,3049,146
1862,2925,139
1863,2649,127
1864,2740,141
1865,2901,128
1866,3028,127
1867,3007,120
1868,3059,129
1869,3071,130
1870,3172,130
1871,3152,121
1872,3151,121
1873,3339,143
1874,3342,143
1875,3434,155
1876,3430,156
1877,3431,156
1878,3432,156
1879,3361,146
1880,3446,156
1881,3472,156
1882,3453,156
1883,3447,156
1884,3450,156
1885,3429,156
1886,3458,157
1887,3454,157
1888,3454,157
1889,3449,159
1890,3462,159
1891,3490,159
1892,3482,159
1893,3490,159
1894,3490,159
1895,3490,159
1896,3490,159
1897,3490,159
1898,3490,159
1899,3490,159
1900,3490,159
1901,3490,159
1902,3490,159
1903,3490,159
1904,3490,159
1905,3490,159
1906,3490,159
1907,3490,159
1908,3490,159
1909,3490,159
1910,3490,159
1911,3490,159
1912,3490,159
1913,3490,159
1914,3490,159
1915,3490,159
1916,3490,159
1917,3490,159
1918,3490,159
1919,3490,159
1920,3490,159
1921,3490,159
1922,3490,159
1923,3490,159
1924,3490,159
1925,3490,159
1926,3490,159
1927,3490,159
1928,3490,159
1929,3490,159
1930,3490,159
1931,3490,159
1932,3490,159
1933,3490,159
1934,3490,159
1935,3490,159
1936,3490,159
1937,3490,159
1938,3490,159
1939,3490,159
1940,3490,159
1941,3490,159
1942,3490,159
1943,3490,159
1944,3490,159
1945,3490,159
1946,3490,159
1947,3490,159
1948,3490,159
1949,3490,159
1950,3490,159
1951,3490,159
1952,3490,159
1953,3490,159
1954,3490,159
1955,3490,159
1956,3490,159
1957,3490,159
1958,3490,159
1959,3490,159
1960,3490,159
1961,3490,159
1962,3490,159
1963,3490,159
1964,3490,159
1965,3490,159
1966,3490,159
1967,3490,159
1968,3490,159
1969,3490,159
1970,3490,159
1971,3490,159
1972,3490,159
1973,3490,159
1974,3490,159
1975,3490,159
1976,3490,159
1977,3490,159
1978,3490,159
1979,3490,159
1980,3490,159
1981,3490,159
1982,3490,159
1983,3490,159
1984,3490,159
1985,3490,159
1986,3490,159
1987,3490,159
1988,3490,159
1989,3490,159
1990,3490,159
1991,3490,159
1992,3490,159
1993,3490,159
1994,3490,159
1995,3490,159
1996,3490,159
1997,3490,159
1998,3490,159
1999,3490,159
2000,3490,159
2001,3490,159
2002,3490,159
2003,3490,159
2004,3490,159
2005,3490,159
2006,3490,159
2007,3490,159
2008,3490,159
2009,3490,159
2010,3490,159
2011,3490,159
2012,3490,159
2013,3490,159
