pais,media_1901_1930,media_1990_2012,variacao_C,anos_base
Mongolia,-1.0899444444444444,0.5595760869565217,1.6495205314009662,30
Turkmenistan,14.522194444444443,16.054286231884056,1.5320917874396134,30
Russia,-5.735205555555556,-4.238731884057971,1.4964736714975846,30
Kazakhstan,5.0126833333333325,6.483394927536232,1.4707115942028999,30
Uzbekistan,12.027030555555557,13.48541304347826,1.4583824879227034,30
Canada,-5.308861111111112,-3.8953623188405797,1.413498792270532,30
Svalbard And Jan Mayen,-7.6099250000000005,-6.198891304347826,1.4110336956521747,30
Iran,17.355958333333334,18.74304347826087,1.3870851449275357,30
Belarus,5.708977777777777,7.078626811594204,1.3696490338164269,30
Kyrgyzstan,2.954308333333333,4.316503623188406,1.3621952898550727,30
North Korea,6.475688888888889,7.8227862318840575,1.347097342995169,30
Azerbaijan,10.993238888888888,12.340105072463768,1.34686618357488,30
Afghanistan,13.734569444444446,15.078666666666669,1.3440972222222225,30
Tajikistan,3.749702777777778,5.081391304347826,1.3316885265700482,30
Lithuania,5.832236111111111,7.122311594202898,1.2900754830917869,30
Latvia,5.276300000000001,6.557195652173914,1.2808956521739132,30
Qatar,26.571311111111118,27.84155434782609,1.2702432367149719,30
Kuwait,24.86652777777778,26.133884057971017,1.267356280193237,30
United Arab Emirates,27.486530555555554,28.75010144927536,1.2635708937198054,30
Ukraine,7.562044444444444,8.818608695652173,1.2565642512077293,30
Bahrain,25.688711111111115,26.940014492753622,1.2513033816425079,30
Greenland,-18.768519444444443,-17.526735507246375,1.2417839371980683,30
Denmark,-18.233158333333336,-16.993264492753624,1.239893840579711,30
Estonia,4.804252777777777,6.042710144927535,1.238457367149758,30
Tunisia,19.80922222222222,21.031202898550724,1.2219806763285028,30
Armenia,8.427713888888889,9.641409420289856,1.2136955314009672,30
Åland,5.2845555555555555,6.487793478260869,1.2032379227053136,30
South Korea,11.579116666666666,12.77648188405797,1.1973652173913045,30
Finland,1.2329111111111113,2.425202898550725,1.1922917874396137,30
Liechtenstein,4.537797222222223,5.723865942028986,1.1860687198067632,30
Iraq,21.63761388888889,22.822253623188406,1.184639734299516,30
Poland,7.380383333333333,8.559811594202898,1.1794282608695656,30
Switzerland,6.890650000000002,8.069971014492753,1.1793210144927508,30
Algeria,22.81263611111111,23.989336956521736,1.1767008454106254,30
Slovenia,9.558975,10.734068840579711,1.1750938405797111,30
Oman,26.66453055555556,27.837090579710143,1.1725600241545813,30
Sweden,2.364616666666667,3.534844202898551,1.170227536231884,30
Georgia,8.00285,9.171822463768114,1.1689724637681138,30
Monaco,8.886172222222223,10.054710144927537,1.1685379227053136,30
Austria,6.118636111111112,7.284126811594203,1.1654907004830912,30
Andorra,11.040019444444447,12.20347463768116,1.1634551932367128,30
Germany,8.088766666666665,9.244905797101449,1.1561391304347843,30
San Marino,13.719108333333335,14.871438405797102,1.1523300724637675,30
Netherlands,9.429519444444445,10.580463768115942,1.1509443236714976,30
Luxembourg,9.091966666666668,10.233586956521739,1.1416202898550711,30
Norway,0.055713888888888945,1.1955362318840579,1.139822342995169,30
Czech Republic,7.558536111111111,8.696221014492753,1.1376849033816425,30
Belgium,9.407519444444443,10.542572463768117,1.1350530193236743,30
Morocco,17.444452777777776,18.56103623188406,1.1165834541062836,30
Pakistan,20.377319444444446,21.492217391304347,1.1148979468599016,30
France,12.667475000000001,13.776384057971017,1.1089090579710152,30
Saudi Arabia,25.33768055555555,26.446130434782606,1.1084498792270558,30
Moldova,8.884250000000002,9.989793478260871,1.10554347826087,30
Slovakia,7.4305972222222225,8.526891304347826,1.0962940821256035,30
Japan,11.722980555555557,12.811963768115941,1.0889832125603842,30
Croatia,11.25463888888889,12.341717391304348,1.0870785024154586,30
Yemen,25.958730555555555,27.042275362318843,1.083544806763289,30
Italy,12.639205555555556,13.722735507246378,1.0835299516908226,30
Spain,13.457030555555555,14.532416666666666,1.0753861111111114,30
South Georgia And The South Sandwich Isla,0.9762442528735633,2.048264492753623,1.0720202398800596,29
Hungary,9.630966666666668,10.699427536231884,1.0684608695652162,30
China,6.421741666666666,7.484869565217391,1.063127898550725,30
French Guiana,25.474533333333333,26.527358695652175,1.052825362318842,30
Saint Pierre And Miquelon,4.197741666666667,5.245981884057972,1.0482402173913048,30
Suriname,25.919327777777774,26.967163043478262,1.0478352657004883,30
Trinidad And Tobago,25.844047222222226,26.890304347826092,1.0462571256038657,30
Barbados,26.205036111111113,27.244326086956523,1.03928997584541,30
Grenada,26.480427777777777,27.519507246376808,1.0390794685990308,30
Libya,22.17337777777778,23.211163043478262,1.0377852657004816,30
Martinique,25.86666111111111,26.904108695652177,1.0374475845410664,30
Dominica,25.866661111111114,26.904108695652173,1.0374475845410593,30
Guyana,25.673133333333332,26.708608695652174,1.0354753623188415,30
Saint Lucia,26.395602777777775,27.42964855072464,1.0340457729468646,30
Western Sahara,22.248155555555556,23.280724637681157,1.032569082125601,30
Saint Vincent And The Grenadines,26.536944444444448,27.56826811594203,1.0313236714975815,30
Guadeloupe,26.096013888888887,27.12711231884058,1.0310984299516939,30
Montserrat,26.152038888888892,27.181543478260867,1.0295045893719745,30
Antigua And Barbuda,26.208494444444444,27.235956521739126,1.0274620772946825,30
Sint Maarten,26.386499999999995,27.4070615942029,1.0205615942029063,30
Anguilla,26.3865,27.4070615942029,1.0205615942028992,30
Saint Martin,26.3865,27.4070615942029,1.0205615942028992,30
Saint Barthélemy,26.3865,27.4070615942029,1.0205615942028992,30
Saint Kitts And Nevis,25.627441666666673,26.64632608695652,1.0188844202898473,30
Jordan,19.25294166666667,20.26448188405797,1.0115402173913033,30
Virgin Islands,26.121044444444443,27.130311594202905,1.009267149758461,30
British Virgin Islands,26.121044444444447,27.130311594202897,1.0092671497584504,30
Mauritania,27.433036111111107,28.440039855072467,1.0070037439613593,30
Puerto Rico,25.229499999999998,26.234518115942027,1.005018115942029,30
Guernsey,10.85438611111111,11.857601449275363,1.003215338164253,30
Jersey,10.854386111111113,11.857601449275363,1.0032153381642495,30
Djibouti,28.504550000000002,29.50527898550725,1.0007289855072479,30
Taiwan,21.683091666666666,22.683014492753625,0.9999228260869586,30
Gaza Strip,19.100480555555556,20.096152173913048,0.9956716183574912,30
Mauritius,23.229213888888886,24.223905797101448,0.9946919082125625,30
Reunion,23.016091666666668,24.010677536231885,0.994585869565217,30
Cape Verde,23.97638333333333,24.969815217391304,0.9934318840579728,30
Madagascar,22.50409722222222,23.49418115942029,0.9900839371980688,30
Kiribati,26.40023611111111,27.388373188405797,0.988137077294688,30
Palmyra Atoll,26.828794444444444,27.816612318840583,0.9878178743961392,30
Kingman Reef,26.798094444444438,27.78394927536232,0.9858548309178836,30
Israel,19.529877777777777,20.5156884057971,0.9858106280193226,30
Bosnia And Herzegovina,10.357702777777776,11.342949275362319,0.9852464975845425,30
Syria,17.851236111111113,18.836336956521738,0.9851008454106243,30
Portugal,14.563049999999999,15.542427536231882,0.9793775362318833,30
Christmas Island,25.52061666666667,26.49736594202898,0.9767492753623124,30
Venezuela,24.770149999999997,25.74680797101449,0.9766579710144931,30
Seychelles,26.427983333333334,27.403376811594207,0.9753934782608731,30
Lebanon,17.549655555555557,18.524677536231888,0.9750219806763312,30
United States,8.545111111111112,9.519974637681159,0.9748635265700472,30
Romania,8.725683333333333,9.699376811594203,0.9736934782608699,30
Brazil,24.54713888888889,25.51756884057971,0.9704299516908179,30
French Polynesia,25.76969444444444,26.732123188405797,0.9624287439613575,27
"Bonaire, Saint Eustatius And Saba",26.93050833333333,27.8853731884058,0.9548648550724721,30
Malta,18.475291666666667,19.42986956521739,0.9545778985507241,30
Dominican Republic,25.36433333333333,26.318561594202897,0.9542282608695665,30
Ecuador,21.52899166666667,22.48197826086956,0.9529865942028906,30
Mayotte,26.092236111111113,27.03797826086957,0.9457421497584555,30
Gambia,27.333169444444444,28.274978260869567,0.941808816425123,30
Costa Rica,25.392830555555555,26.334333333333333,0.941502777777778,30
United Kingdom,8.42195,9.361119565217392,0.9391695652173908,30
Eritrea,26.507336111111112,27.446173913043477,0.9388378019323653,30
Egypt,22.543694444444444,23.482083333333332,0.9383888888888876,30
Guinea Bissau,26.56252222222222,27.499242753623186,0.9367205314009652,30
Niue,24.725833333333338,25.662442028985502,0.9366086956521649,30
Senegal,27.77233888888889,28.70710507246377,0.9347661835748795,30
Panama,26.07408611111111,27.007105072463766,0.9330189613526549,30
Tonga,22.859333333333332,23.790884057971017,0.9315507246376846,30
Comoros,25.460216666666668,26.39111231884058,0.9308956521739127,30
Curaçao,27.112599999999997,28.042278985507245,0.9296789855072483,30
Lesotho,13.433113888888888,14.362528985507248,0.9294150966183601,30
Swaziland,18.58996111111111,19.519014492753623,0.9290533816425146,30
Colombia,24.480047222222222,25.408159420289852,0.9281121980676303,30
Aruba,27.685200000000002,28.612876811594205,0.9276768115942033,30
Turks And Caicas Islands,26.476311111111112,27.401601449275358,0.9252903381642454,30
Niger,27.24294722222222,28.168076086956518,0.9251288647342975,30
Somalia,26.597374999999996,27.522014492753623,0.9246394927536272,30
Nicaragua,25.78478888888889,26.708206521739132,0.9234176328502421,30
Isle Of Man,9.296416666666667,10.219192028985507,0.9227753623188395,30
South Africa,16.992666666666665,17.91446376811594,0.9217971014492754,30
Palestina,22.91150277777778,23.827945652173916,0.9164428743961359,30
American Samoa,26.265025,27.181018115942035,0.9159931159420331,30
Singapore,26.321547222222225,27.23696376811594,0.9154165458937165,30
Haiti,26.122877777777777,27.03798913043478,0.9151113526570036,30
Samoa,25.98320277777778,26.897923913043474,0.9147211352656939,30
Botswana,21.659936111111108,22.574499999999997,0.914563888888889,30
Uruguay,17.01682222222222,17.92892391304348,0.9121016908212596,30
Honduras,24.528983333333333,25.439391304347826,0.910407971014493,30
Sierra Leone,25.862311111111115,26.771807971014496,0.9094968599033812,30
Mali,28.254633333333338,29.1620615942029,0.9074282608695619,30
Ethiopia,22.73293333333333,23.638271739130435,0.905338405797103,30
Mozambique,23.369283333333332,24.272873188405796,0.9035898550724646,30
El Salvador,24.733269444444446,25.636456521739138,0.9031870772946924,30
Serbia,9.957152777777777,10.85669927536232,0.8995464975845433,30
New Caledonia,22.48185555555556,23.3804347826087,0.8985792270531405,30
Zimbabwe,20.903188888888888,21.79902536231884,0.8958364734299522,30
Cyprus,18.71703611111111,19.612192028985508,0.8951559178743977,30
Malaysia,25.593533333333333,26.487952898550724,0.8944195652173903,30
Fiji,24.687047222222223,25.579,0.891952777777778,30
Guinea,25.29148333333333,26.181376811594205,0.889893478260877,30
Baker Island,25.132205555555554,26.020615942028986,0.8884103864734314,30
Malawi,21.2271,22.110184782608698,0.883084782608698,30
Sudan,26.865761111111112,27.747844202898545,0.8820830917874325,30
Tanzania,22.081727777777775,22.956684782608693,0.8749570048309181,30
Indonesia,25.43236111111111,26.30654710144928,0.8741859903381695,30
Faroe Islands,6.479183333333334,7.35183695652174,0.8726536231884054,30
Liberia,25.235541666666663,26.1071884057971,0.871646739130437,30
Chad,26.901294444444442,27.77236594202899,0.8710714975845484,30
Belize,24.867169444444436,25.735467391304347,0.8682979468599115,30
Namibia,20.310444444444446,21.178344202898554,0.8678997584541079,30
Iceland,1.3745194444444446,2.240547101449276,0.8660276570048313,30
Zambia,21.091333333333335,21.95436231884058,0.8630289855072455,30
Ireland,9.34808888888889,10.205586956521739,0.8574980676328483,30
Bahamas,24.952505555555557,25.808786231884064,0.856280676328506,30
Angola,21.625386111111105,22.47751086956521,0.8521247584541065,30
Federated States Of Micronesia,26.56093269230769,27.41244565217391,0.8515129598662199,26
Montenegro,10.192119444444446,11.041971014492754,0.8498515700483082,30
Cayman Islands,26.57297777777778,27.417554347826087,0.8445765700483072,30
Philippines,26.185369444444447,27.02881884057971,0.8434493961352629,30
Guatemala,22.95148888888889,23.79436956521739,0.8428806763285017,30
Guam,26.541690476190475,27.3843115942029,0.8426211180124241,28
Northern Mariana Islands,26.541690476190475,27.3843115942029,0.8426211180124241,28
Cuba,25.25121944444444,26.09344565217391,0.8422262077294675,30
Kenya,23.831055555555558,24.66995652173913,0.8389009661835729,30
Peru,19.630691666666667,20.468601449275365,0.8379097826086976,30
Solomon Islands,26.364527777777774,27.200499999999998,0.8359722222222246,30
Jamaica,25.97692222222223,26.8033152173913,0.8263929951690727,30
Palau,26.881181547619047,27.706688405797095,0.8255068581780485,28
Bulgaria,10.503105555555555,11.322050724637679,0.8189451690821237,30
Côte D'Ivoire,25.831833333333336,26.64689130434782,0.8150579710144861,30
Burundi,19.87671111111111,20.691666666666666,0.8149555555555565,30
Nigeria,26.560827777777778,27.369775362318844,0.8089475845410661,30
Central African Republic,25.064463888888895,25.869362318840583,0.8048984299516881,30
Burkina Faso,27.94138333333333,28.745579710144927,0.8041963768115963,30
Rwanda,19.048724999999997,19.84933695652174,0.8006119565217418,30
Turkey,11.600311111111115,12.39751811594203,0.7972070048309146,30
New Zealand,10.1146,10.901202898550725,0.7866028985507256,30
Uganda,22.82298611111111,23.608724637681156,0.7857385265700465,30
Argentina,14.465375,15.24621739130435,0.7808423913043505,30
Benin,27.016769444444446,27.795358695652173,0.7785892512077268,30
Australia,21.45004722222222,22.22550724637681,0.7754600241545901,30
Paraguay,23.167219444444445,23.94158333333333,0.7743638888888853,30
Albania,12.612111111111112,13.381800724637683,0.7696896135265714,30
Cameroon,24.163088888888886,24.93244565217391,0.7693567632850247,30
Macedonia,10.392486111111111,11.160818840579712,0.7683327294686002,30
Timor Leste,25.64360833333334,26.410880434782612,0.7672721014492723,30
Nepal,14.741449999999999,15.500652173913043,0.7592021739130441,30
Cambodia,26.49089722222222,27.24828623188406,0.7573890096618392,30
Equatorial Guinea,24.735733333333332,25.49284057971015,0.7571072463768189,30
Gabon,24.059550000000005,24.815275362318836,0.7557253623188309,30
Sao Tome And Principe,25.624666666666666,26.379913043478265,0.7552463768115985,30
Ghana,26.584272222222218,27.335956521739128,0.75168429951691,30
Congo,24.26309722222222,25.009630434782608,0.7465332125603865,30
Togo,26.739347222222225,27.485804347826086,0.746457125603861,30
Mexico,20.45049722222222,21.18557971014493,0.7350824879227069,30
Papua New Guinea,24.19363333333333,24.925855072463765,0.7322217391304342,30
Thailand,25.898347222222224,26.617137681159424,0.7187904589371996,30
Chile,9.229444444444445,9.931999999999999,0.7025555555555538,30
India,23.84826111111111,24.546170289855077,0.6979091787439664,30
Greece,14.794575,15.491442028985508,0.6968670289855083,30
Bolivia,20.741872222222227,21.416894927536237,0.6750227053140101,30
Sri Lanka,26.94355,27.614105072463772,0.6705550724637739,30
Vietnam,23.561269444444452,24.22055797101449,0.6592885265700374,30
Hong Kong,22.52925277777778,23.183789855072465,0.6545370772946839,30
Bhutan,11.716308333333332,12.367134057971017,0.6508257246376843,30
Laos,23.498922222222223,24.14004710144928,0.641124879227057,30
Burma,23.62832222222222,24.25819927536232,0.629877053140099,30
Macau,22.302183333333332,22.925286231884055,0.623102898550723,30
Bangladesh,24.772744444444445,25.387297101449274,0.614552657004829,30
