estado,media_1901_1930,media_1990_2012,variacao_C
Pernambuco,25.114622222222227,26.192960144927536,1.078337922705309
Alagoas,24.512166666666662,25.570858695652177,1.058692028985515
Rio Grande Do Norte,26.668458333333334,27.723735507246378,1.0552771739130442
Tocantins,25.647736111111108,26.698221014492752,1.0504849033816441
Bahia,23.86081666666667,24.908405797101448,1.0475891304347797
Sergipe,25.203261111111104,26.24989130434783,1.0466301932367266
Minas Gerais,21.69965555555556,22.72680072463768,1.0271451690821216
Distrito Federal,21.61217777777778,22.633750000000003,1.0215722222222219
Rio De Janeiro,21.752116666666666,22.77053623188406,1.0184195652173926
Roraima,25.53046666666667,26.536945652173916,1.006478985507247
Santa Catarina,18.180041666666668,19.128692028985505,0.9486503623188369
Rio Grande Do Sul,18.591316666666668,19.505079710144926,0.9137630434782587
Amazonas,25.907663888888894,26.819539855072463,0.9118759661835689
Mato Grosso,25.40750277777778,26.286481884057974,0.8789791062801946
Mato Grosso Do Sul,23.4918,24.345876811594206,0.8540768115942043
Acre,25.554852777777775,26.36334420289855,0.8084914251207742
