ano,lancados,avaliados,esperado_media_2017_2019,esperado_tendencia
2010,12992,7413,19389.333333333332,15611.500000000698
2011,13971,8042,19389.333333333332,16078.000000000698
2012,15052,8494,19389.333333333332,16544.5000000007
2013,15732,8880,19389.333333333332,17011.000000000582
2014,16885,9561,19389.333333333332,17477.500000000582
2015,17509,9805,19389.333333333332,17944.000000000582
2016,18708,10274,19389.333333333332,18410.500000000582
2017,19217,10820,19389.333333333332,18877.000000000582
2018,19511,10990,19389.333333333332,19343.500000000466
2019,19440,11125,19389.333333333332,19810.000000000466
2020,16652,9104,19389.333333333332,20276.500000000466
2021,19223,9876,19389.333333333332,20743.000000000466
2022,20987,11585,19389.333333333332,21209.500000000466
2023,21159,11931,19389.333333333332,21676.000000000466
2024,21435,11833,19389.333333333332,22142.50000000035
2025,21226,10566,19389.333333333332,22609.00000000035
