formato,media_2017_2019,n_2020,n_2021,var_2020_pct,var_2021_pct
Curta para TV,470.6666666666667,233,95,-50.495750708215304,-79.8158640226629
Filme para TV,3578.3333333333335,2770,2845,-22.589659990684684,-20.493712156497445
Longa-metragem,19475.666666666668,16800,19304,-13.738511304705025,-0.8814417991682033
Jogo,1852.3333333333333,1636,1759,-11.678963469497926,-5.038689940615438
Curta,54461.333333333336,50164,48033,-7.8906135239680815,-11.803481369044711
Video,13493.0,12862,13503,-4.67649892536871,0.07411250277922221
Episodio de TV,362228.3333333333,351380,427649,-2.99488812305313,18.06061554176235
Serie de TV,11919.0,13163,12709,10.437117207819458,6.62807282490141
Minisserie,3680.0,4206,4180,14.293478260869573,13.586956521739136
Especial de TV,2033.6666666666667,2913,2966,43.238813309293555,45.844943451893116
