genero,Pre-pandemia,Pandemia,Pos-pandemia,delta_pandemia_pp,delta_pos_pp
Comedy,11.057799198169704,10.017403974582102,11.2020618027074,-1.040395223587602,0.1442626045376958
Biography,2.6952399394682676,2.0176468207390617,1.8965502478786893,-0.6775931187292059,-0.7986896915895783
Romance,4.314678945141324,3.731735945278666,4.046544682381348,-0.5829429998626581,-0.2681342627599763
History,2.0275261598927066,1.4550532237827336,1.3802433406683734,-0.572472936109973,-0.6472828192243332
Family,2.1465814632327103,1.7788480997288219,1.8777131799539348,-0.3677333635038884,-0.26886828327877543
Adventure,2.6586627077192304,2.5094102885821834,2.4248443801320305,-0.149252419137047,-0.2338183275871999
Mystery,2.313689208282233,2.228113490104019,2.317815585105017,-0.08557571817821374,0.004126376822783939
Crime,3.2410296132137044,3.201521835916947,3.561918298499028,-0.039507777296757585,0.32088868528532366
Music,2.0260917586476466,2.104666693649573,1.7278728669161152,0.07857493500192625,-0.2982188917315314
Action,4.8174365815349525,4.903468652608573,5.1801936793074805,0.08603207107362021,0.36275709777252807
Fantasy,1.7743543401395672,1.8820577164366374,1.7167418722333057,0.10770337629707027,-0.05761246790626151
Sport,1.220675459546299,1.3660096328975595,1.1011122432379208,0.14533417335126053,-0.11956321630837818
Drama,23.438116344284985,23.61274132836848,23.6422327062873,0.17462498408349347,0.20411636200231342
Animation,1.390652007085942,1.6837333549196585,1.5797450145987277,0.2930813478337164,0.18909300751278568
Sci-Fi,1.4272292388349792,1.7323025863115715,1.682492657824661,0.3050733474765923,0.25526341898968186
Thriller,5.0318795676714645,5.447848787792934,6.598111155825364,0.4159692201214691,1.566231588153899
Horror,4.938643486742547,5.540939814627434,5.967069380346088,0.6022963278848872,1.0284258936035418
Documentary,21.698904834649397,22.932772088881695,20.64457021517069,1.2338672542322975,-1.054334619478709
