Periodo,Variavel,n,Media,Mediana,Moda,Minimo,Maximo,Amplitude,Q1,Q3,IQR,Desvio Padrao,Variancia,CV (%)
Pre-pandemia,nota,53014,6.195661523371186,6.3,6.4,1.0,10.0,9.0,5.3,7.2,1.9000000000000004,1.484510167194482,2.203770436503789,23.96047882206983
Pre-pandemia,duracao (min),49161,93.53562783507252,91.0,90.0,40.0,300.0,260.0,80.0,105.0,25.0,23.204044956785598,538.4277023565271,24.80770749483857
Pre-pandemia,votos,53014,3777.8558871241557,74.0,10.0,5.0,1724921.0,1724916.0,21.0,401.0,380.0,35034.386339395365,1227408226.1780126,927.3616407338618
Pandemia,nota,18980,6.151332982086407,6.3,6.4,1.0,10.0,9.0,5.2,7.2,2.0,1.5662323386506154,2.453083738634976,25.461673806502038
Pandemia,duracao (min),17288,92.33260064784822,90.0,90.0,40.0,300.0,260.0,79.0,104.0,25.0,22.812460917854615,520.4083731286443,24.70683242732452
Pandemia,votos,18980,2615.353266596417,69.0,11.0,5.0,1089602.0,1089597.0,20.0,347.0,327.0,22188.95518295756,492349732.1112992,848.4113968983603
Pos-pandemia,nota,45915,6.294234999455515,6.4,6.4,1.0,10.0,9.0,5.3,7.4,2.1000000000000005,1.5765596865564557,2.4855404452749896,25.04767754449646
Pos-pandemia,duracao (min),40671,97.09026087384132,94.0,90.0,40.0,300.0,260.0,83.0,110.0,27.0,24.009491019588957,576.4556590197228,24.729041619104095
Pos-pandemia,votos,45915,2353.8405749754984,64.0,11.0,5.0,1096603.0,1096598.0,19.0,324.0,305.0,20060.2055605339,402411847.1308753,852.2329750706549
