Periodo,Classe,Freq. Absoluta,Freq. Relativa,Freq. Percentual (%),Freq. Acumulada
Pre-pandemia,"[1.0, 2.0)",247,0.0047,0.5,247
Pre-pandemia,"[2.0, 3.0)",1149,0.0217,2.2,1396
Pre-pandemia,"[3.0, 4.0)",3071,0.0579,5.8,4467
Pre-pandemia,"[4.0, 5.0)",5757,0.1086,10.9,10224
Pre-pandemia,"[5.0, 6.0)",10632,0.2006,20.1,20856
Pre-pandemia,"[6.0, 7.0)",14778,0.2788,27.9,35634
Pre-pandemia,"[7.0, 8.0)",11594,0.2187,21.9,47228
Pre-pandemia,"[8.0, 9.0)",4955,0.0935,9.3,52183
Pre-pandemia,"[9.0, 10.0]",831,0.0157,1.6,53014
Pandemia,"[1.0, 2.0)",124,0.0065,0.7,124
Pandemia,"[2.0, 3.0)",506,0.0267,2.7,630
Pandemia,"[3.0, 4.0)",1253,0.066,6.6,1883
Pandemia,"[4.0, 5.0)",2160,0.1138,11.4,4043
Pandemia,"[5.0, 6.0)",3719,0.1959,19.6,7762
Pandemia,"[6.0, 7.0)",5002,0.2635,26.4,12764
Pandemia,"[7.0, 8.0)",3925,0.2068,20.7,16689
Pandemia,"[8.0, 9.0)",1927,0.1015,10.2,18616
Pandemia,"[9.0, 10.0]",364,0.0192,1.9,18980
Pos-pandemia,"[1.0, 2.0)",265,0.0058,0.6,265
Pos-pandemia,"[2.0, 3.0)",958,0.0209,2.1,1223
Pos-pandemia,"[3.0, 4.0)",2521,0.0549,5.5,3744
Pos-pandemia,"[4.0, 5.0)",5166,0.1125,11.3,8910
Pos-pandemia,"[5.0, 6.0)",8806,0.1918,19.2,17716
Pos-pandemia,"[6.0, 7.0)",11694,0.2547,25.5,29410
Pos-pandemia,"[7.0, 8.0)",9608,0.2093,20.9,39018
Pos-pandemia,"[8.0, 9.0)",5321,0.1159,11.6,44339
Pos-pandemia,"[9.0, 10.0]",1576,0.0343,3.4,45915
