Periodo,distribuicao,KS D,parametros,assimetria dos dados
Pre-pandemia,Weibull,0.024581561479805072,"1.498, 0.698, 1.502",0.9913201955802075
Pre-pandemia,Gama,0.028332183862481264,"1.910, 0.698, 0.710",0.9913201955802075
Pre-pandemia,Normal,0.08462249079774192,"2.055, 0.920",0.9913201955802075
Pre-pandemia,Exponencial,0.13669699329769605,"0.698, 1.357",0.9913201955802075
Pandemia,Weibull,0.021516567249011638,"1.481, 0.698, 1.463",0.9677502603494095
Pandemia,Gama,0.027273481108090802,"1.846, 0.698, 0.718",0.9677502603494095
Pandemia,Normal,0.08319590127574394,"2.023, 0.901",0.9677502603494095
Pandemia,Exponencial,0.13560085670185357,"0.698, 1.325",0.9677502603494095
Pos-pandemia,Weibull,0.020525998694227728,"1.443, 0.698, 1.418",0.9700849869593057
Pos-pandemia,Gama,0.029347461196133184,"1.734, 0.698, 0.744",0.9700849869593057
Pos-pandemia,Normal,0.08338632011992564,"1.988, 0.889",0.9700849869593057
Pos-pandemia,Exponencial,0.12939577103170868,"0.698, 1.290",0.9700849869593057
