ano,filmes_lancados,filmes_avaliados
1900,6,6
1901,8,8
1902,3,3
1903,4,4
1904,3,3
1905,17,17
1906,21,21
1907,18,18
1908,20,20
1909,83,83
1910,98,74
1911,155,96
1912,317,86
1913,659,140
1914,1131,239
1915,1607,303
1916,2105,333
1917,2188,327
1918,2240,311
1919,2464,336
1920,2647,334
1921,2624,336
1922,2181,300
1923,1937,319
1924,1946,324
1925,2123,420
1926,2100,464
1927,2208,492
1928,2186,543
1929,2134,573
1930,2042,639
1931,2142,744
1932,2138,850
1933,2032,813
1934,1942,935
1935,1988,1043
1936,2248,1075
1937,2149,1098
1938,1997,1099
1939,1913,1064
1940,1780,1014
1941,1557,993
1942,1471,1014
1943,1334,979
1944,1168,829
1945,1129,752
1946,1314,824
1947,1522,877
1948,1653,950
1949,1806,1079
1950,2007,1125
1951,1984,1197
1952,2153,1184
1953,2242,1269
1954,2306,1263
1955,2383,1320
1956,2618,1386
1957,2663,1518
1958,2738,1480
1959,2765,1536
1960,2927,1557
1961,2972,1621
1962,2843,1638
1963,2763,1620
1964,2973,1731
1965,3228,1790
1966,3242,1829
1967,3328,1882
1968,3707,2080
1969,3912,2164
1970,4166,2305
1971,4205,2432
1972,4125,2422
1973,4006,2436
1974,3860,2384
1975,4133,2343
1976,4002,2345
1977,3909,2327
1978,4093,2344
1979,4199,2515
1980,4185,2422
1981,4153,2490
1982,4181,2529
1983,4307,2576
1984,4513,2645
1985,4619,2668
1986,4544,2747
1987,4599,2826
1988,4707,2799
1989,4743,2872
1990,4980,2778
1991,4536,2675
1992,4549,2625
1993,4285,2534
1994,4263,2566
1995,4494,2678
1996,4403,2688
1997,4766,2917
1998,4934,3017
1999,5152,3217
2000,5376,3377
2001,5757,3641
2002,5979,3768
2003,6303,3939
2004,6896,4352
2005,7936,4797
2006,8521,5358
2007,9327,5622
2008,10806,6415
2009,12232,7131
2010,13079,7420
2011,14049,8054
2012,15105,8501
2013,15801,8887
2014,16964,9572
2015,17581,9813
2016,18793,10287
2017,19275,10827
2018,19587,11006
2019,19565,11136
2020,16800,9113
2021,19304,9885
2022,21089,11607
2023,21219,11938
2024,21475,11839
2025,21244,10567
