genero,filmes,nota_media,votos_mediana
Documentary,2570,7.188443579766538,2320.0
Biography,2598,6.901539645881449,4604.0
Film-Noir,463,6.849460043196539,2955.0
History,1932,6.826138716356107,3520.0
War,1229,6.772253864930837,3325.0
Music,1486,6.704643337819647,3388.0
Animation,1622,6.637361282367446,4952.5
Musical,852,6.581807511737087,2880.0
Sport,921,6.534527687296417,3735.0
Drama,27334,6.490001463378929,3495.0
Western,665,6.393383458646616,2735.0
Romance,8157,6.386894691675869,3489.0
Crime,8170,6.301040391676865,4326.5
Family,2056,6.227042801556426,3204.0
Comedy,16329,6.153334558148068,3595.0
Adventure,5310,6.1019209039548095,5571.5
Mystery,4165,5.978439375750299,4492.0
Fantasy,2657,5.937711704930374,4660.0
Action,8905,5.929747332959013,4602.0
Thriller,7496,5.823345784418363,3623.0
Sci-Fi,2380,5.4346218487394955,4605.5
Horror,6632,5.250904704463211,3372.0
