titulo,ano,nota,votos,nota_ponderada
The Shawshank Redemption,1994,9.3,3236691,9.276485001049696
The Godfather,1972,9.2,2254950,9.167456014192759
The Dark Knight,2008,9.1,3225158,9.077939946168396
The Lord of the Rings: The Return of the King,2003,9.0,2192035,8.968787745596611
Schindler's List,1993,9.0,1602571,8.957483476640208
The Godfather Part II,1974,9.0,1512442,8.954991043277587
12 Angry Men,1957,9.0,1002246,8.932636719499303
The Lord of the Rings: The Fellowship of the Ring,2001,8.9,2235755,8.870497174421281
Inception,2010,8.8,2867229,8.77780305071237
Fight Club,1999,8.8,2659893,8.776088931498865
