diretor,filmes,nota_media,votos_totais
Ertem Eğilmez,9,8.555555555555555,199408.0
Sergio Leone,6,8.200000000000001,2301787.0
Charles Chaplin,8,8.2,1126437.0
Christopher Nolan,13,8.184615384615386,19138207.0
Vetrimaaran,5,8.16,109113.0
Haruo Sotozaki,6,8.116666666666667,272235.0
Akira Kurosawa,16,8.075,1419255.0
Yasujirō Ozu,5,8.02,136534.0
Mani Ratnam,9,7.944444444444445,204609.0
Frank Capra,8,7.9375,976635.0
Andrei Tarkovsky,7,7.928571428571428,496081.0
Hayao Miyazaki,12,7.916666666666667,3638024.0
Quentin Tarantino,13,7.915384615384616,12409325.0
Fritz Lang,8,7.899999999999999,501810.0
Ingmar Bergman,17,7.882352941176471,867734.0
