titulo_no_brasil,titulo_principal,ano,nota,votos
Um Sonho de Liberdade,The Shawshank Redemption,1994,9.3,3236691
Batman: O Cavaleiro das Trevas,The Dark Knight,2008,9.1,3225158
A Origem,Inception,2010,8.8,2867229
Clube da Luta,Fight Club,1999,8.8,2659893
Interestelar,Interstellar,2014,8.7,2605003
Forrest Gump - O Contador de Histórias,Forrest Gump,1994,8.8,2533678
Pulp Fiction: Tempo de Violência,Pulp Fiction,1994,8.8,2466357
Matrix,The Matrix,1999,8.7,2277081
O Poderoso Chefão,The Godfather,1972,9.2,2254950
O Senhor dos Anéis: A Sociedade do Anel,The Lord of the Rings: The Fellowship of the Ring,2001,8.9,2235755
